id,item_group_id,title,description,availability,condition,price,link,image_link,brand,google_product_category,fb_product_category,size,gender,age_group,identifier_exists,shipping,custom_label_0
calantha-10,calantha,Calantha Extrait De Parfum (10ml),Luxury floral extrait de parfum with 12+ hour sillage. Size: 10ml.,in stock,new,399.00 INR,https://sentirebypc.com/perfumes/calantha/10ml,https://sentirebypc.com/assets/perfumes/calantha-10ml-1.jpg,SENTIRE By PC,Health & Beauty > Personal Care > Cosmetics > Perfume & Cologne,health & beauty > personal care > cosmetics > perfume & cologne,10ml,unisex,adult,no,IN::Standard:0.00 INR,Floral
calantha-30,calantha,Calantha Extrait De Parfum (30ml),Luxury floral extrait de parfum with 12+ hour sillage. Size: 30ml.,in stock,new,749.00 INR,https://sentirebypc.com/perfumes/calantha/30ml,https://sentirebypc.com/assets/perfumes/calantha-30ml-1.jpg,SENTIRE By PC,Health & Beauty > Personal Care > Cosmetics > Perfume & Cologne,health & beauty > personal care > cosmetics > perfume & cologne,30ml,unisex,adult,no,IN::Standard:0.00 INR,Floral
calantha-50,calantha,Calantha Extrait De Parfum (50ml),Luxury floral extrait de parfum with 12+ hour sillage. Size: 50ml.,in stock,new,1085.00 INR,https://sentirebypc.com/perfumes/calantha/50ml,https://sentirebypc.com/assets/perfumes/calantha-50ml-1.jpg,SENTIRE By PC,Health & Beauty > Personal Care > Cosmetics > Perfume & Cologne,health & beauty > personal care > cosmetics > perfume & cologne,50ml,unisex,adult,no,IN::Standard:0.00 INR,Floral
deep-crush-10,deep-crush,Deep Crush Extrait De Parfum (10ml),Alluring gourmand floral extrait de parfum with 12+ hour sillage. Size: 10ml.,in stock,new,350.00 INR,https://sentirebypc.com/perfumes/deep-crush/10ml,https://sentirebypc.com/assets/perfumes/deep-crush-10ml-1.jpg,SENTIRE By PC,Health & Beauty > Personal Care > Cosmetics > Perfume & Cologne,health & beauty > personal care > cosmetics > perfume & cologne,10ml,unisex,adult,no,IN::Standard:0.00 INR,Floral
deep-crush-30,deep-crush,Deep Crush Extrait De Parfum (30ml),Alluring gourmand floral extrait de parfum with 12+ hour sillage. Size: 30ml.,in stock,new,699.00 INR,https://sentirebypc.com/perfumes/deep-crush/30ml,https://sentirebypc.com/assets/perfumes/deep-crush-30ml-1.jpg,SENTIRE By PC,Health & Beauty > Personal Care > Cosmetics > Perfume & Cologne,health & beauty > personal care > cosmetics > perfume & cologne,30ml,unisex,adult,no,IN::Standard:0.00 INR,Floral
deep-crush-50,deep-crush,Deep Crush Extrait De Parfum (50ml),Alluring gourmand floral extrait de parfum with 12+ hour sillage. Size: 50ml.,in stock,new,1085.00 INR,https://sentirebypc.com/perfumes/deep-crush/50ml,https://sentirebypc.com/assets/perfumes/deep-crush-50ml-1.jpg,SENTIRE By PC,Health & Beauty > Personal Care > Cosmetics > Perfume & Cologne,health & beauty > personal care > cosmetics > perfume & cologne,50ml,unisex,adult,no,IN::Standard:0.00 INR,Floral
herrlich-10,herrlich,Herrlich Extrait De Parfum (10ml),Commanding woody luxury extrait de parfum with 12+ hour sillage. Size: 10ml.,in stock,new,550.00 INR,https://sentirebypc.com/perfumes/herrlich/10ml,https://sentirebypc.com/assets/perfumes/herrlich-10ml-1.jpg,SENTIRE By PC,Health & Beauty > Personal Care > Cosmetics > Perfume & Cologne,health & beauty > personal care > cosmetics > perfume & cologne,10ml,unisex,adult,no,IN::Standard:0.00 INR,Woody
herrlich-30,herrlich,Herrlich Extrait De Parfum (30ml),Commanding woody luxury extrait de parfum with 12+ hour sillage. Size: 30ml.,in stock,new,1199.00 INR,https://sentirebypc.com/perfumes/herrlich/30ml,https://sentirebypc.com/assets/perfumes/herrlich-30ml-1.jpg,SENTIRE By PC,Health & Beauty > Personal Care > Cosmetics > Perfume & Cologne,health & beauty > personal care > cosmetics > perfume & cologne,30ml,unisex,adult,no,IN::Standard:0.00 INR,Woody
herrlich-50,herrlich,Herrlich Extrait De Parfum (50ml),Commanding woody luxury extrait de parfum with 12+ hour sillage. Size: 50ml.,in stock,new,2196.00 INR,https://sentirebypc.com/perfumes/herrlich/50ml,https://sentirebypc.com/assets/perfumes/herrlich-50ml-1.jpg,SENTIRE By PC,Health & Beauty > Personal Care > Cosmetics > Perfume & Cologne,health & beauty > personal care > cosmetics > perfume & cologne,50ml,unisex,adult,no,IN::Standard:0.00 INR,Woody
midnight-10,midnight,Midnight Extrait De Parfum (10ml),Mysterious sensual night extrait de parfum with 12+ hour sillage. Size: 10ml.,in stock,new,549.00 INR,https://sentirebypc.com/perfumes/midnight/10ml,https://sentirebypc.com/assets/perfumes/midnight-10ml-1.jpg,SENTIRE By PC,Health & Beauty > Personal Care > Cosmetics > Perfume & Cologne,health & beauty > personal care > cosmetics > perfume & cologne,10ml,unisex,adult,no,IN::Standard:0.00 INR,Woody
midnight-30,midnight,Midnight Extrait De Parfum (30ml),Mysterious sensual night extrait de parfum with 12+ hour sillage. Size: 30ml.,in stock,new,1149.00 INR,https://sentirebypc.com/perfumes/midnight/30ml,https://sentirebypc.com/assets/perfumes/midnight-30ml-1.jpg,SENTIRE By PC,Health & Beauty > Personal Care > Cosmetics > Perfume & Cologne,health & beauty > personal care > cosmetics > perfume & cologne,30ml,unisex,adult,no,IN::Standard:0.00 INR,Woody
midnight-50,midnight,Midnight Extrait De Parfum (50ml),Mysterious sensual night extrait de parfum with 12+ hour sillage. Size: 50ml.,in stock,new,1949.00 INR,https://sentirebypc.com/perfumes/midnight/50ml,https://sentirebypc.com/assets/perfumes/midnight-50ml-1.jpg,SENTIRE By PC,Health & Beauty > Personal Care > Cosmetics > Perfume & Cologne,health & beauty > personal care > cosmetics > perfume & cologne,50ml,unisex,adult,no,IN::Standard:0.00 INR,Woody
mirai-10,mirai,Mirai Extrait De Parfum (10ml),Luminous fresh signature extrait de parfum with 12+ hour sillage. Size: 10ml.,in stock,new,459.00 INR,https://sentirebypc.com/perfumes/mirai/10ml,https://sentirebypc.com/assets/perfumes/mirai-10ml-1.jpg,SENTIRE By PC,Health & Beauty > Personal Care > Cosmetics > Perfume & Cologne,health & beauty > personal care > cosmetics > perfume & cologne,10ml,unisex,adult,no,IN::Standard:0.00 INR,Fresh
mirai-30,mirai,Mirai Extrait De Parfum (30ml),Luminous fresh signature extrait de parfum with 12+ hour sillage. Size: 30ml.,in stock,new,949.00 INR,https://sentirebypc.com/perfumes/mirai/30ml,https://sentirebypc.com/assets/perfumes/mirai-30ml-1.jpg,SENTIRE By PC,Health & Beauty > Personal Care > Cosmetics > Perfume & Cologne,health & beauty > personal care > cosmetics > perfume & cologne,30ml,unisex,adult,no,IN::Standard:0.00 INR,Fresh
mirai-50,mirai,Mirai Extrait De Parfum (50ml),Luminous fresh signature extrait de parfum with 12+ hour sillage. Size: 50ml.,in stock,new,1679.00 INR,https://sentirebypc.com/perfumes/mirai/50ml,https://sentirebypc.com/assets/perfumes/mirai-50ml-1.jpg,SENTIRE By PC,Health & Beauty > Personal Care > Cosmetics > Perfume & Cologne,health & beauty > personal care > cosmetics > perfume & cologne,50ml,unisex,adult,no,IN::Standard:0.00 INR,Fresh
0809-10,0809,0809 Signature Extrait De Parfum (10ml),Royal oriental extrait de parfum by House of Sentire. Size: 10ml.,in stock,new,699.00 INR,https://sentirebypc.com/perfumes/0809/10ml,https://sentirebypc.com/assets/perfumes/0809-10ml-1.jpg,SENTIRE By PC,Health & Beauty > Personal Care > Cosmetics > Perfume & Cologne,health & beauty > personal care > cosmetics > perfume & cologne,10ml,unisex,adult,no,IN::Standard:0.00 INR,Oriental
0809-30,0809,0809 Signature Extrait De Parfum (30ml),Royal oriental extrait de parfum by House of Sentire. Size: 30ml.,in stock,new,1499.00 INR,https://sentirebypc.com/perfumes/0809/30ml,https://sentirebypc.com/assets/perfumes/0809-30ml-1.jpg,SENTIRE By PC,Health & Beauty > Personal Care > Cosmetics > Perfume & Cologne,health & beauty > personal care > cosmetics > perfume & cologne,30ml,unisex,adult,no,IN::Standard:0.00 INR,Oriental
0809-50,0809,0809 Signature Extrait De Parfum (50ml),Royal oriental extrait de parfum by House of Sentire. Size: 50ml.,in stock,new,2889.00 INR,https://sentirebypc.com/perfumes/0809/50ml,https://sentirebypc.com/assets/perfumes/0809-50ml-1.jpg,SENTIRE By PC,Health & Beauty > Personal Care > Cosmetics > Perfume & Cologne,health & beauty > personal care > cosmetics > perfume & cologne,50ml,unisex,adult,no,IN::Standard:0.00 INR,Oriental
personna-10,personna,Personna Extrait De Parfum (10ml),Bespoke oriental luxury extrait de parfum. Size: 10ml.,in stock,new,495.00 INR,https://sentirebypc.com/perfumes/personna/10ml,https://sentirebypc.com/assets/perfumes/personna-10ml-1.jpg,SENTIRE By PC,Health & Beauty > Personal Care > Cosmetics > Perfume & Cologne,health & beauty > personal care > cosmetics > perfume & cologne,10ml,unisex,adult,no,IN::Standard:0.00 INR,Oriental
personna-30,personna,Personna Extrait De Parfum (30ml),Bespoke oriental luxury extrait de parfum. Size: 30ml.,in stock,new,989.00 INR,https://sentirebypc.com/perfumes/personna/30ml,https://sentirebypc.com/assets/perfumes/personna-30ml-1.jpg,SENTIRE By PC,Health & Beauty > Personal Care > Cosmetics > Perfume & Cologne,health & beauty > personal care > cosmetics > perfume & cologne,30ml,unisex,adult,no,IN::Standard:0.00 INR,Oriental
personna-50,personna,Personna Extrait De Parfum (50ml),Bespoke oriental luxury extrait de parfum. Size: 50ml.,in stock,new,1593.00 INR,https://sentirebypc.com/perfumes/personna/50ml,https://sentirebypc.com/assets/perfumes/personna-50ml-1.jpg,SENTIRE By PC,Health & Beauty > Personal Care > Cosmetics > Perfume & Cologne,health & beauty > personal care > cosmetics > perfume & cologne,50ml,unisex,adult,no,IN::Standard:0.00 INR,Oriental
purple-oud-50,purple-oud,Purple Oud Extrait De Parfum (50ml),Rare artisanal purple oud extrait de parfum. Size: 50ml.,in stock,new,1489.00 INR,https://sentirebypc.com/perfumes/purple-oud/50ml,https://sentirebypc.com/assets/perfumes/purple-oud-50ml-1.jpg,SENTIRE By PC,Health & Beauty > Personal Care > Cosmetics > Perfume & Cologne,health & beauty > personal care > cosmetics > perfume & cologne,50ml,unisex,adult,no,IN::Standard:0.00 INR,Woody
rich-10,rich,Rich Extrait De Parfum (10ml),Opulent amber extrait de parfum with 12+ hour sillage. Size: 10ml.,in stock,new,559.00 INR,https://sentirebypc.com/perfumes/rich/10ml,https://sentirebypc.com/assets/perfumes/rich-10ml-1.jpg,SENTIRE By PC,Health & Beauty > Personal Care > Cosmetics > Perfume & Cologne,health & beauty > personal care > cosmetics > perfume & cologne,10ml,unisex,adult,no,IN::Standard:0.00 INR,Ambar
rich-30,rich,Rich Extrait De Parfum (30ml),Opulent amber extrait de parfum with 12+ hour sillage. Size: 30ml.,in stock,new,1089.00 INR,https://sentirebypc.com/perfumes/rich/30ml,https://sentirebypc.com/assets/perfumes/rich-30ml-1.jpg,SENTIRE By PC,Health & Beauty > Personal Care > Cosmetics > Perfume & Cologne,health & beauty > personal care > cosmetics > perfume & cologne,30ml,unisex,adult,no,IN::Standard:0.00 INR,Ambar
rich-50,rich,Rich Extrait De Parfum (50ml),Opulent amber extrait de parfum with 12+ hour sillage. Size: 50ml.,in stock,new,1593.00 INR,https://sentirebypc.com/perfumes/rich/50ml,https://sentirebypc.com/assets/perfumes/rich-50ml-1.jpg,SENTIRE By PC,Health & Beauty > Personal Care > Cosmetics > Perfume & Cologne,health & beauty > personal care > cosmetics > perfume & cologne,50ml,unisex,adult,no,IN::Standard:0.00 INR,Ambar
seductive-10,seductive,Seductive Extrait De Parfum (10ml),Magnetic fresh seductive extrait de parfum. Size: 10ml.,in stock,new,459.00 INR,https://sentirebypc.com/perfumes/seductive/10ml,https://sentirebypc.com/assets/perfumes/seductive-10ml-1.jpg,SENTIRE By PC,Health & Beauty > Personal Care > Cosmetics > Perfume & Cologne,health & beauty > personal care > cosmetics > perfume & cologne,10ml,unisex,adult,no,IN::Standard:0.00 INR,Fresh
seductive-30,seductive,Seductive Extrait De Parfum (30ml),Magnetic fresh seductive extrait de parfum. Size: 30ml.,in stock,new,849.00 INR,https://sentirebypc.com/perfumes/seductive/30ml,https://sentirebypc.com/assets/perfumes/seductive-30ml-1.jpg,SENTIRE By PC,Health & Beauty > Personal Care > Cosmetics > Perfume & Cologne,health & beauty > personal care > cosmetics > perfume & cologne,30ml,unisex,adult,no,IN::Standard:0.00 INR,Fresh
seductive-50,seductive,Seductive Extrait De Parfum (50ml),Magnetic fresh seductive extrait de parfum. Size: 50ml.,in stock,new,1149.00 INR,https://sentirebypc.com/perfumes/seductive/50ml,https://sentirebypc.com/assets/perfumes/seductive-50ml-1.jpg,SENTIRE By PC,Health & Beauty > Personal Care > Cosmetics > Perfume & Cologne,health & beauty > personal care > cosmetics > perfume & cologne,50ml,unisex,adult,no,IN::Standard:0.00 INR,Fresh
white-oud-10,white-oud,White Oud Extrait De Parfum (10ml),Precious white oud luxury extrait de parfum. Size: 10ml.,in stock,new,659.00 INR,https://sentirebypc.com/perfumes/white-oud/10ml,https://sentirebypc.com/assets/perfumes/white-oud-10ml-1.jpg,SENTIRE By PC,Health & Beauty > Personal Care > Cosmetics > Perfume & Cologne,health & beauty > personal care > cosmetics > perfume & cologne,10ml,unisex,adult,no,IN::Standard:0.00 INR,Woody
white-oud-30,white-oud,White Oud Extrait De Parfum (30ml),Precious white oud luxury extrait de parfum. Size: 30ml.,in stock,new,1449.00 INR,https://sentirebypc.com/perfumes/white-oud/30ml,https://sentirebypc.com/assets/perfumes/white-oud-30ml-1.jpg,SENTIRE By PC,Health & Beauty > Personal Care > Cosmetics > Perfume & Cologne,health & beauty > personal care > cosmetics > perfume & cologne,30ml,unisex,adult,no,IN::Standard:0.00 INR,Woody
white-oud-50,white-oud,White Oud Extrait De Parfum (50ml),Precious white oud luxury extrait de parfum. Size: 50ml.,in stock,new,2889.00 INR,https://sentirebypc.com/perfumes/white-oud/50ml,https://sentirebypc.com/assets/perfumes/white-oud-50ml-1.jpg,SENTIRE By PC,Health & Beauty > Personal Care > Cosmetics > Perfume & Cologne,health & beauty > personal care > cosmetics > perfume & cologne,50ml,unisex,adult,no,IN::Standard:0.00 INR,Woody
zephyrine-10,zephyrine,Zephyrine Extrait De Parfum (10ml),Bespoke luxury floral extrait de parfum. Size: 10ml.,in stock,new,799.00 INR,https://sentirebypc.com/perfumes/zephyrine/10ml,https://sentirebypc.com/assets/perfumes/zephyrine-10ml-1.jpg,SENTIRE By PC,Health & Beauty > Personal Care > Cosmetics > Perfume & Cologne,health & beauty > personal care > cosmetics > perfume & cologne,10ml,unisex,adult,no,IN::Standard:0.00 INR,Floral
zephyrine-30,zephyrine,Zephyrine Extrait De Parfum (30ml),Bespoke luxury floral extrait de parfum. Size: 30ml.,in stock,new,1499.00 INR,https://sentirebypc.com/perfumes/zephyrine/30ml,https://sentirebypc.com/assets/perfumes/zephyrine-30ml-1.jpg,SENTIRE By PC,Health & Beauty > Personal Care > Cosmetics > Perfume & Cologne,health & beauty > personal care > cosmetics > perfume & cologne,30ml,unisex,adult,no,IN::Standard:0.00 INR,Floral
bijou-10,bijou,Bijou Extrait De Parfum (10ml),Artisanal floral luxury extrait de parfum. Size: 10ml.,in stock,new,799.00 INR,https://sentirebypc.com/perfumes/bijou/10ml,https://sentirebypc.com/assets/perfumes/bijou-10ml-1.jpg,SENTIRE By PC,Health & Beauty > Personal Care > Cosmetics > Perfume & Cologne,health & beauty > personal care > cosmetics > perfume & cologne,10ml,unisex,adult,no,IN::Standard:0.00 INR,Floral
bijou-30,bijou,Bijou Extrait De Parfum (30ml),Artisanal floral luxury extrait de parfum. Size: 30ml.,in stock,new,1499.00 INR,https://sentirebypc.com/perfumes/bijou/30ml,https://sentirebypc.com/assets/perfumes/bijou-30ml-1.jpg,SENTIRE By PC,Health & Beauty > Personal Care > Cosmetics > Perfume & Cologne,health & beauty > personal care > cosmetics > perfume & cologne,30ml,unisex,adult,no,IN::Standard:0.00 INR,Floral
dapper-10,dapper,Dapper Extrait De Parfum (10ml),Crisp fresh luxury extrait de parfum. Size: 10ml.,in stock,new,799.00 INR,https://sentirebypc.com/perfumes/dapper/10ml,https://sentirebypc.com/assets/perfumes/dapper-10ml-1.jpg,SENTIRE By PC,Health & Beauty > Personal Care > Cosmetics > Perfume & Cologne,health & beauty > personal care > cosmetics > perfume & cologne,10ml,unisex,adult,no,IN::Standard:0.00 INR,Fresh
dapper-30,dapper,Dapper Extrait De Parfum (30ml),Crisp fresh luxury extrait de parfum. Size: 30ml.,in stock,new,1499.00 INR,https://sentirebypc.com/perfumes/dapper/30ml,https://sentirebypc.com/assets/perfumes/dapper-30ml-1.jpg,SENTIRE By PC,Health & Beauty > Personal Care > Cosmetics > Perfume & Cologne,health & beauty > personal care > cosmetics > perfume & cologne,30ml,unisex,adult,no,IN::Standard:0.00 INR,Fresh
le-chocolat-10,le-chocolat,Le Chocolat Extrait De Parfum (10ml),Indulgent gourmet cocoa extrait de parfum. Size: 10ml.,in stock,new,799.00 INR,https://sentirebypc.com/perfumes/le-chocolat/10ml,https://sentirebypc.com/assets/perfumes/le-chocolat-10ml-1.jpg,SENTIRE By PC,Health & Beauty > Personal Care > Cosmetics > Perfume & Cologne,health & beauty > personal care > cosmetics > perfume & cologne,10ml,unisex,adult,no,IN::Standard:0.00 INR,Oriental
le-chocolat-30,le-chocolat,Le Chocolat Extrait De Parfum (30ml),Indulgent gourmet cocoa extrait de parfum. Size: 30ml.,in stock,new,1499.00 INR,https://sentirebypc.com/perfumes/le-chocolat/30ml,https://sentirebypc.com/assets/perfumes/le-chocolat-30ml-1.jpg,SENTIRE By PC,Health & Beauty > Personal Care > Cosmetics > Perfume & Cologne,health & beauty > personal care > cosmetics > perfume & cologne,30ml,unisex,adult,no,IN::Standard:0.00 INR,Oriental
pc-leather-10,pc-leather,PC Leather Extrait De Parfum (10ml),Sophisticated leather extrait de parfum. Size: 10ml.,in stock,new,799.00 INR,https://sentirebypc.com/perfumes/pc-leather/10ml,https://sentirebypc.com/assets/perfumes/pc-leather-10ml-1.jpg,SENTIRE By PC,Health & Beauty > Personal Care > Cosmetics > Perfume & Cologne,health & beauty > personal care > cosmetics > perfume & cologne,10ml,unisex,adult,no,IN::Standard:0.00 INR,Woody
pc-leather-30,pc-leather,PC Leather Extrait De Parfum (30ml),Sophisticated leather extrait de parfum. Size: 30ml.,in stock,new,1499.00 INR,https://sentirebypc.com/perfumes/pc-leather/30ml,https://sentirebypc.com/assets/perfumes/pc-leather-30ml-1.jpg,SENTIRE By PC,Health & Beauty > Personal Care > Cosmetics > Perfume & Cologne,health & beauty > personal care > cosmetics > perfume & cologne,30ml,unisex,adult,no,IN::Standard:0.00 INR,Woody
quantillion-10,quantillion,Quantillion Extrait De Parfum (10ml),Zesty citrus luxury extrait de parfum. Size: 10ml.,in stock,new,799.00 INR,https://sentirebypc.com/perfumes/quantillion/10ml,https://sentirebypc.com/assets/perfumes/quantillion-10ml-1.jpg,SENTIRE By PC,Health & Beauty > Personal Care > Cosmetics > Perfume & Cologne,health & beauty > personal care > cosmetics > perfume & cologne,10ml,unisex,adult,no,IN::Standard:0.00 INR,Citrus
quantillion-30,quantillion,Quantillion Extrait De Parfum (30ml),Zesty citrus luxury extrait de parfum. Size: 30ml.,in stock,new,1499.00 INR,https://sentirebypc.com/perfumes/quantillion/30ml,https://sentirebypc.com/assets/perfumes/quantillion-30ml-1.jpg,SENTIRE By PC,Health & Beauty > Personal Care > Cosmetics > Perfume & Cologne,health & beauty > personal care > cosmetics > perfume & cologne,30ml,unisex,adult,no,IN::Standard:0.00 INR,Citrus
reiz-10,reiz,Reiz Extrait De Parfum (10ml),Captivating fresh luxury extrait de parfum. Size: 10ml.,in stock,new,799.00 INR,https://sentirebypc.com/perfumes/reiz/10ml,https://sentirebypc.com/assets/perfumes/reiz-10ml-1.jpg,SENTIRE By PC,Health & Beauty > Personal Care > Cosmetics > Perfume & Cologne,health & beauty > personal care > cosmetics > perfume & cologne,10ml,unisex,adult,no,IN::Standard:0.00 INR,Fresh
reiz-30,reiz,Reiz Extrait De Parfum (30ml),Captivating fresh luxury extrait de parfum. Size: 30ml.,in stock,new,1499.00 INR,https://sentirebypc.com/perfumes/reiz/30ml,https://sentirebypc.com/assets/perfumes/reiz-30ml-1.jpg,SENTIRE By PC,Health & Beauty > Personal Care > Cosmetics > Perfume & Cologne,health & beauty > personal care > cosmetics > perfume & cologne,30ml,unisex,adult,no,IN::Standard:0.00 INR,Fresh
sent-aura-10,sent-aura,Sent-Aura Extrait De Parfum (10ml),Ethereal floral luxury extrait de parfum. Size: 10ml.,in stock,new,799.00 INR,https://sentirebypc.com/perfumes/sent-aura/10ml,https://sentirebypc.com/assets/perfumes/sent-aura-10ml-1.jpg,SENTIRE By PC,Health & Beauty > Personal Care > Cosmetics > Perfume & Cologne,health & beauty > personal care > cosmetics > perfume & cologne,10ml,unisex,adult,no,IN::Standard:0.00 INR,Floral
sent-aura-30,sent-aura,Sent-Aura Extrait De Parfum (30ml),Ethereal floral luxury extrait de parfum. Size: 30ml.,in stock,new,1499.00 INR,https://sentirebypc.com/perfumes/sent-aura/30ml,https://sentirebypc.com/assets/perfumes/sent-aura-30ml-1.jpg,SENTIRE By PC,Health & Beauty > Personal Care > Cosmetics > Perfume & Cologne,health & beauty > personal care > cosmetics > perfume & cologne,30ml,unisex,adult,no,IN::Standard:0.00 INR,Floral
vanaco-10,vanaco,Vanaco Extrait De Parfum (10ml),Warm vanilla amber luxury extrait de parfum. Size: 10ml.,in stock,new,799.00 INR,https://sentirebypc.com/perfumes/vanaco/10ml,https://sentirebypc.com/assets/perfumes/vanaco-10ml-1.jpg,SENTIRE By PC,Health & Beauty > Personal Care > Cosmetics > Perfume & Cologne,health & beauty > personal care > cosmetics > perfume & cologne,10ml,unisex,adult,no,IN::Standard:0.00 INR,Ambar
vanaco-30,vanaco,Vanaco Extrait De Parfum (30ml),Warm vanilla amber luxury extrait de parfum. Size: 30ml.,in stock,new,1499.00 INR,https://sentirebypc.com/perfumes/vanaco/30ml,https://sentirebypc.com/assets/perfumes/vanaco-30ml-1.jpg,SENTIRE By PC,Health & Beauty > Personal Care > Cosmetics > Perfume & Cologne,health & beauty > personal care > cosmetics > perfume & cologne,30ml,unisex,adult,no,IN::Standard:0.00 INR,Ambar
woo-dy-10,woo-dy,Woo-Dy Extrait De Parfum (10ml),Intense rare wood luxury extrait de parfum. Size: 10ml.,in stock,new,799.00 INR,https://sentirebypc.com/perfumes/woo-dy/10ml,https://sentirebypc.com/assets/perfumes/woo-dy-10ml-1.jpg,SENTIRE By PC,Health & Beauty > Personal Care > Cosmetics > Perfume & Cologne,health & beauty > personal care > cosmetics > perfume & cologne,10ml,unisex,adult,no,IN::Standard:0.00 INR,Woody
woo-dy-30,woo-dy,Woo-Dy Extrait De Parfum (30ml),Intense rare wood luxury extrait de parfum. Size: 30ml.,in stock,new,1499.00 INR,https://sentirebypc.com/perfumes/woo-dy/30ml,https://sentirebypc.com/assets/perfumes/woo-dy-30ml-1.jpg,SENTIRE By PC,Health & Beauty > Personal Care > Cosmetics > Perfume & Cologne,health & beauty > personal care > cosmetics > perfume & cologne,30ml,unisex,adult,no,IN::Standard:0.00 INR,Woody
discovery-set,discovery-set,Sentire Discovery Set - 5 Spray Vials (5 x 5ml),Experience 5 signature 35%+ extrait de parfum 5ml vials with a complimentary ₹500 voucher.,in stock,new,549.00 INR,https://sentirebypc.com/discovery-set,https://sentirebypc.com/discovery_hero_cover.jpg,SENTIRE By PC,Health & Beauty > Personal Care > Cosmetics > Perfume & Cologne,health & beauty > personal care > cosmetics > perfume & cologne,5 x 5ml,unisex,adult,no,IN::Standard:0.00 INR,Sample Box
byob,byob,Build Your Own Bundle - 3 x 50ml Luxury Extraits,Customise your bespoke 3-bottle luxury perfume box with photo engraving.,in stock,new,2899.00 INR,https://sentirebypc.com/byob,https://sentirebypc.com/assets/perfumes/byob-bundle.jpg,SENTIRE By PC,Health & Beauty > Personal Care > Cosmetics > Perfume & Cologne,health & beauty > personal care > cosmetics > perfume & cologne,3 x 50ml,unisex,adult,no,IN::Standard:0.00 INR,Custom Bundle
